Country or region,Happiness Score,GDP per capita,Social support,Healthy life expectancy,Freedom to make life choices,Generosity,Perceptions of corruption,Total CO2 Emissions,Country Code,Schizophrenia Disorders (% of population),Depressive Disorders (% of population),Anxiety Disorders (% of population),Bipolar Disorders (% of population),Eating Disorders (% of population),Coal,Oil,Gas,Cement,Flaring,Per Capita,Income Group,Continent,Mental Health Burden,Social Resilience,Happiness Efficiency,Sustainable Happiness Index,Inequality and Pressure Index,Resilient Happiness,Happiness Level,Happiness-Income Group,Log CO2 Emissions
Afghanistan,3.203,496.6025042585,0.517,0.361,0.0,0.158,0.025,11.081621,AFG,0.21777739,4.945168,4.8510346,0.6996446,0.117413975,3.954767,6.842956,0.245569,0.038329,0.0,0.293401,Low Income,Asia,10.831038564999998,0.675,0.00644982651624471,0.14617121169152797,1.0691251491426101,0.43810989654482735,Unhappy,Unhappy & Low Income,2.491685372245887
Albania,4.719,5460.42823730592,0.848,0.874,0.383,0.178,0.027,4.947485,ALB,0.2875006,2.4602032,3.8375373,0.5420086,0.1366484,0.322432,3.440496,0.131904,1.048179,0.004474,1.721533,Lower-Middle Income,Europe,7.2638981000000005,1.4089999999999998,0.0008642179321686814,0.3864427118005986,0.6462363416511129,0.46107252224681666,Unhappy,Unhappy & Lower-Middle Income,1.7829684411236995
Algeria,5.211,4468.45341883656,1.16,0.785,0.086,0.073,0.114,179.504831,DZA,0.24913543,4.1296806,4.771976,0.7562755,0.2106033,1.095512,59.157648,91.24992,11.028039,16.973712,4.203332,Lower-Middle Income,Africa,10.117670830000002,1.319,0.0011661752986018093,0.02748091576532281,1.0704358237753258,0.39047724609637613,Unhappy,Unhappy & Lower-Middle Income,5.195757541957708
Argentina,6.086,9955.97478680428,1.432,0.881,0.471,0.066,0.05,178.511615,ARG,0.31154236,2.4075098,4.982973,1.039092,0.33220056,2.14344,74.848192,95.608416,4.140926,1.77064,3.989486,Upper-Middle Income,South America,9.07331772,1.969,0.0006112912226401405,0.03244397037519166,0.5978414431270584,0.34065919284363944,Neutral,Neutral & Upper-Middle Income,5.190239913355784
Armenia,4.559,4597.22887399548,1.055,0.815,0.283,0.095,0.064,6.28411,ARM,0.28262022,2.9836516,3.1505976,0.541465,0.12600231,0.010992,1.04424,4.887776,0.341102,0.0,2.227932,Lower-Middle Income,Europe,7.0843367299999995,1.4329999999999998,0.0009916843657248123,0.34102690402836355,0.783907935866674,0.4490805088558792,Unhappy,Unhappy & Lower-Middle Income,1.9856952633438651
Australia,7.228,54972.7017885437,1.548,1.036,0.557,0.332,0.29,416.356588,AUS,0.3886459,4.382458,5.8151646,1.1250612,1.0316882,164.471156,143.084851,81.693703,3.039547,20.199247,16.419679,High Income,Oceania,12.743017899999998,2.437,0.00013148344114144147,0.01684457384862865,0.7408056852208311,0.23275033864915623,Happy,Happy & High Income,6.033940983484247
Austria,7.246,49885.9947355204,1.475,1.016,0.532,0.244,0.226,67.936185,AUT,0.27674544,3.125201,6.0064344,0.90043485,0.5622296,13.005251,34.087326,17.792615,1.770523,0.118253,7.650523,High Income,Europe,10.87104529,2.2510000000000003,0.00014525118800208308,0.09194587823142238,0.6955797465943659,0.29610894682024097,Happy,Happy & High Income,4.233181221582466
Azerbaijan,5.208,4805.75371765917,1.147,0.769,0.351,0.035,0.182,37.737892,AZE,0.2827107,2.7526312,2.4775383,0.52214134,0.1438001,0.003664,12.097433,24.121592,1.096472,0.418732,3.687951,Lower-Middle Income,Europe,6.17882164,1.533,0.001083700977197966,0.11858810845209682,0.8401383612686235,0.5498233274739103,Unhappy,Unhappy & Lower-Middle Income,3.6568182424560187
Bahrain,6.199,27259.7438599327,1.368,0.871,0.536,0.255,0.11,37.813682,BHR,0.27094802,4.5280886,4.937836,0.78144014,0.2906812,0.0,3.748272,33.129888,0.6147,0.320822,25.307178,High Income,Asia,10.80899396,2.1590000000000003,0.00022740492470699628,0.12749195468179658,0.5757836805881168,0.2656340353482663,Neutral,Neutral & High Income,3.658772813336261
Bangladesh,4.456,2129.79896954606,0.928,0.723,0.527,0.166,0.143,91.657423,BGD,0.27618745,4.6198096,3.1809232,0.38930306,0.11529978,15.003548,16.780525,58.372777,1.473934,0.02664,0.553767,Lower-Middle Income,Asia,8.581523090000001,1.621,0.002092216243747052,0.04445377943218956,0.6630649800865311,0.3203301314538722,Unhappy,Unhappy & Lower-Middle Income,4.528909068248424
Belarus,5.323,6837.76832136779,1.465,0.789,0.235,0.094,0.142,62.039493,BLR,0.2773241,3.824539,3.4831994,0.5208894,0.1341819,4.099648,18.036537,36.627932,2.276054,0.006333,6.413033,Upper-Middle Income,Europe,8.2401338,1.7940000000000003,0.0007784703648653624,0.07574029974786378,0.9172781526803677,0.3600806333444949,Unhappy,Unhappy & Upper-Middle Income,4.143761403004592
Belgium,6.923,46716.6227467964,1.504,0.986,0.473,0.16,0.21,99.432619,BEL,0.27416807,3.5420222,5.04724,0.90031374,0.4368189,13.192232,45.243127,36.199212,2.819306,0.116104,8.638376,High Income,Europe,10.20056291,2.137,0.00014819136300846461,0.06314694036412466,0.7393467702814095,0.31758916016213257,Happy,Happy & High Income,4.609487044930406
Benin,4.883,1130.82135304977,0.437,0.397,0.349,0.175,0.082,7.144053,BEN,0.21354277,4.447893,3.2288494,0.5455701,0.099465676,0.271136,6.379024,0.106256,0.387637,0.0,0.581269,Low Income,Africa,8.535320946,0.9610000000000001,0.004318100278908589,0.31142825069528446,0.7468654738909143,0.5953104147811485,Unhappy,Unhappy & Low Income,2.097287967645537
Bhutan,5.082,3576.87987077877,1.321,0.604,0.457,0.37,0.167,1.447063,BTN,0.28670922,4.024815,3.2678254,0.39228165,0.14370656,0.42136,0.571584,0.0,0.454119,0.0,1.885524,Lower-Middle Income,Asia,8.11533783,2.148,0.001420791355481986,0.5314564919780715,0.7126733916640924,0.2915370668813546,Unhappy,Unhappy & Lower-Middle Income,0.8948885299403143
Bolivia,5.779,3503.8960106182,1.209,0.706,0.511,0.137,0.064,23.239274,BOL,0.2665534,3.3994322,5.7405457,0.88712376,0.23742174,0.025648,12.754384,8.86688,1.537974,0.054388,1.973223,Lower-Middle Income,South America,10.531076800000001,1.8570000000000002,0.0016493069379020751,0.17112644266638768,0.5626379432202503,0.2955071618172405,Neutral,Neutral & Lower-Middle Income,3.187974210257539
Bosnia and Herzegovina,5.386,6122.3753450882,1.212,0.845,0.212,0.263,0.006,20.810377,BIH,0.2866613,2.7624497,3.5371947,0.5489406,0.13697994,15.33384,4.682592,0.428688,0.365257,0.0,6.192254,Upper-Middle Income,Europe,7.27222624,1.6869999999999998,0.0008797239137455085,0.19179133622228964,0.7985868803621343,0.4390195751084712,Unhappy,Unhappy & Upper-Middle Income,3.0823858657129275
Botswana,3.488,7172.08956480028,1.145,0.538,0.455,0.025,0.1,6.782064,BWA,0.22516066,4.2572603,3.5533912,0.54089737,0.17784883,3.860278,2.921786,0.0,0.0,0.0,2.713149,Upper-Middle Income,Africa,8.75455836,1.625,0.0004863296767958209,0.22450182022703163,0.6471662616200795,0.24518216113205946,Unhappy,Unhappy & Upper-Middle Income,2.0518215986354575
Brazil,6.3,9029.83326742175,1.439,0.802,0.39,0.099,0.086,475.104581,BRA,0.27764335,3.8015563,7.410114,1.1118531,0.23241082,61.887745,302.333585,67.121321,19.86493,17.505,2.243357,Upper-Middle Income,South America,12.83357757,1.9280000000000002,0.0006976873009083601,0.01291147226210675,0.7500362312480792,0.25461605206721666,Neutral,Neutral & Upper-Middle Income,6.165637538082349
Bulgaria,5.011,9838.60058985384,1.513,0.815,0.311,0.081,0.004,42.255765,BGR,0.28809503,2.6916606,3.3973696,0.46639755,0.15696159,20.767134,13.091638,5.244746,1.1271,0.827004,5.991574,Upper-Middle Income,Europe,7.000484370000001,1.9049999999999998,0.0005093204012334484,0.10173328387954765,0.6980064283960055,0.3757520273166072,Unhappy,Unhappy & Upper-Middle Income,3.767130519292614
Burkina Faso,4.587,764.853077774946,1.056,0.38,0.255,0.177,0.113,5.29633,BFA,0.20788535,4.378302,3.116734,0.5353396,0.092556745,0.0,4.443845,0.0,0.852485,0.0,0.252788,Low Income,Africa,8.330817694999999,1.488,0.005997230230600838,0.33660749135954826,0.8758166867480525,0.3700310585565612,Unhappy,Unhappy & Low Income,1.8399669239727823
Burundi,3.775,210.236494521532,0.447,0.38,0.22,0.176,0.18,0.717894,BDI,0.20041312,4.705153,3.6385643,0.5794055,0.071074806,0.047632,0.6412,0.0,0.029062,0.0,0.060455,Low Income,Africa,9.194610726,0.843,0.017955969103229944,0.38083210090163844,1.0071493055882588,0.48703035946478396,Unhappy,Unhappy & Low Income,0.5410991220078052
Cambodia,4.7,2225.87705485686,1.122,0.637,0.609,0.232,0.062,18.024641,KHM,0.27349776,2.9500995,4.579762,0.3179395,0.08394735,4.418784,8.28064,0.0,5.325217,0.0,1.1121,Lower-Middle Income,Asia,8.205246110000001,1.963,0.0021115272246257305,0.17918491148244978,0.4647840682407712,0.29180044268953437,Unhappy,Unhappy & Lower-Middle Income,2.9457350336616948
Cameroon,5.044,1555.22660476477,0.91,0.331,0.381,0.187,0.037,9.504862,CMR,0.21315666,4.6046395,3.1999922,0.5344366,0.112020984,0.0,5.052656,1.326368,1.162479,1.963359,0.368658,Low Income,Africa,8.664245944000001,1.478,0.0032432572748862607,0.2776140697466484,0.6676826113238644,0.39388538988888167,Unhappy,Unhappy & Low Income,2.3518381976090597
Canada,7.278,46352.8693445211,1.505,1.039,0.584,0.285,0.308,584.714184,CAN,0.28864193,3.2904658,4.3206058,0.8052512,0.4285759,58.325705,269.32597,231.962485,7.125179,15.827711,15.582994,High Income,North America,9.13354063,2.374,0.00015701293367419673,0.012255667064371756,0.7368114555372222,0.3356542662783077,Happy,Happy & High Income,6.372831929978534
Central African Republic,3.083,449.228467602439,0.0,0.105,0.225,0.235,0.035,0.227168,CAF,0.1913885,5.9238467,4.405564,0.5299282,0.07151896,0.0,0.227168,0.0,0.0,0.0,0.043608,Low Income,Africa,11.122246360000002,0.45999999999999996,0.006862877627622684,0.27164397229743925,0.835264236749226,0.6025917513522402,Unhappy,Unhappy & Low Income,0.20470907567158386
Chad,4.35,678.142035723965,0.766,0.192,0.174,0.198,0.078,1.92228,TCD,0.21059208,5.1334114,3.3696513,0.53775066,0.09834646,0.0,1.439952,0.0,0.162747,0.319581,0.119197,Low Income,Africa,9.3497519,1.138,0.00641458539781576,0.38591090218614443,0.9206219336159663,0.40883390780956336,Unhappy,Unhappy & Low Income,1.0723641335151566
Chile,6.444,14495.716721687,1.369,0.92,0.357,0.187,0.056,91.961935,CHL,0.3177609,3.6435125,5.4619493,0.9951639,0.35876754,31.016986,48.022282,12.051372,0.825329,0.045966,4.830064,Upper-Middle Income,South America,10.77715414,1.913,0.0004445451110643705,0.06272198881595029,0.706087548074549,0.31256220883740765,Neutral,Neutral & Upper-Middle Income,4.532190108291439
China,5.191,10143.8602206165,1.125,0.893,0.521,0.058,0.1,10740.996069,CHN,0.30997753,2.7240157,3.1641822,0.18180744,0.11261842,7543.157408,1559.72816,630.17136,826.876048,3.806248,7.554165,Upper-Middle Income,Asia,6.49260129,1.704,0.0005117381240575212,0.0004829965547532818,1.6385067791299686,0.46920507917827464,Unhappy,Unhappy & Upper-Middle Income,9.281916204518586
Colombia,6.125,6472.54544924705,1.41,0.841,0.47,0.099,0.034,96.438172,COL,0.2798771,2.2196279,4.701662,0.7398617,0.22084343,18.425648,47.765993,23.706357,5.536724,1.00345,1.921561,Upper-Middle Income,South America,8.161872129999999,1.9789999999999999,0.0009463046722541779,0.058556380649205764,0.5801605731393,0.3792019066428881,Neutral,Neutral & Upper-Middle Income,4.579218043522885
Comoros,3.973,1519.26386436068,0.757,0.505,0.142,0.275,0.078,0.31144,COM,0.21719986,4.2631598,3.554554,0.6087087,0.08927621,0.0,0.31144,0.0,0.0,0.0,0.393736,Low Income,Africa,8.73289857,1.174,0.0026150822731980626,0.4392803264993208,0.9419531058311624,0.3875181535666428,Unhappy,Unhappy & Low Income,0.2711257701360638
Congo,4.549333333333333,1522.7344142925385,1.0163333333333333,0.4073333333333333,0.30333333333333334,0.17633333333333331,0.06633333333333334,7.341473,COG,0.21529643,5.5257406,3.7367034,0.545334,0.1295494,0.0,2.024422,1.885312,0.28287,3.148868,1.317865,Low Income,Africa,10.152623830000001,1.4959999999999998,0.002987607878716625,0.2600496257418585,0.774488606723404,0.29952830602104613,Unhappy,Unhappy & Low Income,2.121239819480444
Costa Rica,7.167,12884.6859951989,1.441,0.963,0.558,0.144,0.093,8.053606,CRI,0.28596833,3.2132857,4.195216,0.8727019,0.23688456,0.0,7.317008,0.0,0.736598,0.0,1.583943,Upper-Middle Income,North America,8.80405649,2.1430000000000002,0.0005562417277899184,0.42514791147654535,0.5363083487247016,0.3798677399820459,Happy,Happy & Upper-Middle Income,2.2031631313891773
Croatia,5.432,15563.8167397199,1.266,0.914,0.296,0.119,0.022,17.857446,HRV,0.29412583,3.0076077,3.5950115,0.5449874,0.169517,1.677532,9.321468,5.244501,1.184111,0.286938,4.324096,Upper-Middle Income,Europe,7.61124943,1.681,0.0003490146466539389,0.21328143857739792,0.7276364042224297,0.42455708550788623,Unhappy,Unhappy & Upper-Middle Income,2.93690784915942
Cyprus,5.882,29703.052734375,1.2375,1.042,0.4115,0.1905,0.1015,7.343176,CYP,0.27398312,3.1127021,6.4671764,0.9104203,0.40809122,0.068051,6.460511,0.000226,0.789212,0.0,5.975717,High Income,Europe,11.17237314,1.8395000000000001,0.00019802678373165425,0.31767893868688146,0.6906233550909928,0.2862066998296284,Neutral,Neutral & High Income,2.121443959226616
Czech Republic,6.852,24062.7190013343,1.487,0.92,0.457,0.046,0.036,101.012964,CZE,0.29657868,2.878852,3.1539073,0.54714864,0.19224705,57.447407,22.487223,17.361777,1.977237,0.081281,9.586619,High Income,Europe,7.068733669999999,1.9900000000000002,0.00028475584989460465,0.06339648754334745,0.5834916660359125,0.48710508008176384,Happy,Happy & High Income,4.625099903247215
Denmark,7.6,59404.2663247723,1.573,0.996,0.592,0.252,0.41,30.955444,DNK,0.2413819,3.4828994,4.873904,0.94029397,0.47125348,3.588381,19.69881,6.016661,1.129199,0.194717,5.340941,High Income,Europe,10.00973275,2.417,0.00012793693904827687,0.18552342752921236,0.8186895999106536,0.314133649243199,Happy,Happy & High Income,3.4643425575449127
Dominican Republic,5.425,8164.22080932117,1.401,0.779,0.497,0.113,0.101,28.357635,DOM,0.27786973,3.8231027,4.50035,0.910109,0.22997883,3.264624,20.452448,2.469536,2.171027,0.0,2.605949,Upper-Middle Income,North America,9.74141026,2.011,0.0006644847226334477,0.14239201961566425,0.6086665868243668,0.27692734237653827,Unhappy,Unhappy & Upper-Middle Income,3.3795526487307295
Ecuador,6.028,6205.05759479761,1.312,0.868,0.498,0.126,0.087,40.264468,ECU,0.27563453,3.3306973,5.2311482,0.90765,0.2837155,0.0,34.85152,1.212896,2.47237,1.727682,2.321556,Upper-Middle Income,South America,10.02884553,1.936,0.0009714656001023975,0.11985688706719022,0.5971052130075579,0.31046807474722005,Neutral,Neutral & Upper-Middle Income,3.7200017906799467
Egypt,4.166,2962.98892023003,1.039,0.644,0.241,0.076,0.067,256.140175,EGY,0.2475693,3.9397578,4.5883927,0.72391546,0.19892646,10.123632,101.463488,120.519952,19.669416,4.363687,2.425141,Lower-Middle Income,Africa,9.69856172,1.3559999999999999,0.001406012682516739,0.015671154818900315,0.915719787645835,0.31677597927692297,Unhappy,Unhappy & Lower-Middle Income,5.549621364218988
El Salvador,6.253,4320.11671534627,1.242,0.789,0.43,0.093,0.074,7.422948,SLV,0.26860753,3.4073691,4.4097867,0.8259098,0.19801193,0.003662,6.961819,0.0,0.457466,0.0,1.181957,Lower-Middle Income,North America,9.109685059999999,1.765,0.0014474145982648072,0.37822166483140957,0.6478268950006076,0.38890216079171525,Neutral,Neutral & Lower-Middle Income,2.1309598857418086
Estonia,5.893,24021.2501413306,1.528,0.874,0.495,0.103,0.161,12.38019,EST,0.29009965,3.6936426,3.3788164,0.5227906,0.1751613,7.775731,3.315348,0.914391,0.295485,3.2e-05,9.329183,High Income,Europe,8.06051055,2.1260000000000003,0.0002453244508644699,0.2882973597497371,0.6668509424126445,0.3438829393017742,Neutral,Neutral & High Income,2.5937752548982127
Ethiopia,4.286,828.70897229725,1.033,0.532,0.344,0.209,0.1,18.297764,ETH,0.21338312,4.64972,3.4656384,0.6143768,0.086156204,1.205698,13.178387,0.0,3.91368,0.0,0.160337,Low Income,Africa,9.029274524,1.5859999999999999,0.005171900079854152,0.15684099820168274,0.7889754346067319,0.29929270147983894,Unhappy,Unhappy & Low Income,2.9599892342768603
Finland,7.769,48358.1807773701,1.587,0.986,0.596,0.153,0.393,42.381841,FIN,0.264076,4.139295,3.9931211,0.8902839,0.48180753,15.255686,21.581214,4.310229,0.583481,0.065145,7.675732,High Income,Europe,9.768583529999999,2.336,0.00016065534052587052,0.1489729004129355,0.798078419901073,0.3404557618544729,Happy,Happy & High Income,3.770040943410164
France,6.592,40408.2848574751,1.472,1.045,0.436,0.111,0.183,316.386776,FRA,0.26827893,3.835741,6.2742558,0.90416586,0.46825343,29.29436,187.698122,86.356429,6.588367,2.504862,4.912857,High Income,Europe,11.750695019999998,2.019,0.00016313486264638008,0.020089141235559216,0.7551205493422298,0.27785442981273867,Happy,Happy & High Income,5.760121143708292
Gabon,4.799,7441.1786472281,1.183,0.571,0.295,0.043,0.055,5.735253,GAB,0.22967814,5.5459714,3.9851205,0.5622134,0.18273167,0.0,1.867159,0.918935,0.209246,2.739912,2.557201,Upper-Middle Income,Africa,10.50571511,1.521,0.000644924712536994,0.29548731131644346,0.7621825800561919,0.300328063839721,Unhappy,Unhappy & Upper-Middle Income,1.9073553741159504
Gambia,4.516,738.186751987483,0.939,0.428,0.382,0.269,0.167,0.600896,GMB,0.21232498,5.5018787,3.3126862,0.54847974,0.09281238,0.0,0.600896,0.0,0.0,0.0,0.239507,Low Income,Africa,9.668181999999998,1.5899999999999999,0.006117693101157924,0.43976684177488967,0.798911219582784,0.2937730767094625,Unhappy,Unhappy & Low Income,0.4705634725042496
Georgia,4.519,4741.2832715876,0.666,0.752,0.346,0.043,0.164,10.920173,GEO,0.27726552,3.3233132,2.4950473,0.5246634,0.12736228,0.974624,3.587056,5.301808,1.056685,0.0,2.895975,Lower-Middle Income,Europe,6.747651699999999,1.055,0.0009531174876389174,0.2557756869752053,0.8217263803253173,0.6348004480247377,Unhappy,Unhappy & Lower-Middle Income,2.478232174954704
Germany,6.985,47623.8656074829,1.454,0.987,0.495,0.261,0.265,707.149948,DEU,0.26269624,3.3767943,6.208145,0.7469019,0.42561316,240.086494,270.910415,172.478938,13.28664,2.028361,8.504699,High Income,Europe,11.020150599999997,2.21,0.00014667016024214722,0.009726108081659975,0.7850800463053372,0.28680492661896084,Happy,Happy & High Income,6.562655862229632
Ghana,4.996,2186.18924111824,0.868,0.486,0.381,0.245,0.04,18.706476,GHA,0.21691793,4.3620286,3.0005414,0.54393464,0.117816195,0.0,12.02031,4.104496,2.321083,0.260587,0.593436,Lower-Middle Income,Africa,8.241238765,1.4940000000000002,0.002285255048389378,0.18539605467729167,0.6713263413149066,0.4057694399318548,Unhappy,Unhappy & Lower-Middle Income,2.9809473126882247
Greece,5.287,19335.3602002969,1.156,0.999,0.067,0.0,0.034,65.756232,GRC,0.27222666,5.0422506,5.7790413,0.90686923,0.42984423,17.874125,33.943412,9.998173,3.360215,0.009042,6.218657,Upper-Middle Income,Europe,12.43023202,1.2229999999999999,0.00027343685068348595,0.0676204003630039,0.971043703515738,0.3477792112698508,Unhappy,Unhappy & Upper-Middle Income,4.201047656218158
Guatemala,6.436,4511.99755157656,1.269,0.746,0.535,0.175,0.078,19.761452,GTM,0.26276714,3.6679313,4.263226,0.80035627,0.18659185,4.510384,13.754656,0.0,1.380153,0.116259,1.155212,Lower-Middle Income,North America,9.18087256,1.9789999999999999,0.0014264192137584748,0.22237329232686903,0.5494145257680574,0.3542307692448034,Neutral,Neutral & Lower-Middle Income,3.0330979980483783
Guinea,4.534,1031.34146480732,0.829,0.375,0.332,0.207,0.086,4.433863,GIN,0.20905477,4.3731165,3.3388844,0.53725857,0.09339962,0.0,4.433863,0.0,0.0,0.0,0.34431,Low Income,Africa,8.55171386,1.368,0.004396216146363379,0.3491566103594724,0.7665909577992445,0.3875629540041833,Unhappy,Unhappy & Low Income,1.6926502990558627
Haiti,3.597,1352.17204191532,0.688,0.449,0.026,0.419,0.11,3.052705,HTI,0.2413061,3.6351175,4.635318,0.8438882,0.122097835,0.0,2.975168,0.0,0.077537,0.0,0.273529,Low Income,North America,9.477727635,1.133,0.0026601644528198745,0.2870611179020955,1.0932668922641315,0.3349703013019109,Unhappy,Unhappy & Low Income,1.3993845594062515
Honduras,5.86,2502.32744328073,1.236,0.828,0.507,0.246,0.078,11.232139,HND,0.2616812,3.1551142,4.090965,0.81202614,0.167219,0.0,10.449728,0.0,0.782411,0.0,1.127857,Lower-Middle Income,North America,8.487005539999998,1.9889999999999999,0.002341819818879148,0.29717313487474445,0.5788803214155485,0.34714294797958994,Neutral,Neutral & Lower-Middle Income,2.5040668321985593
Hong Kong,5.43,48359.0011950597,1.277,1.122,0.44,0.258,0.287,41.900196,HKG,,,,,,23.379984,11.622208,6.287424,0.61058,0.0,5.589583,High Income,Asia,,1.9749999999999999,0.00011228519749813861,,,,Unhappy,Unhappy & High Income,3.7588763946881034
Hungary,5.758,16786.2136399075,1.41,0.828,0.199,0.081,0.02,49.234646,HUN,0.2914906,2.8233702,3.4067228,0.5375118,0.1835278,8.18614,19.363543,19.969006,1.022863,0.14945,5.038444,Upper-Middle Income,Europe,7.2426232,1.69,0.0003430195828266445,0.1019525214579603,0.8243645031816902,0.4704235603083668,Neutral,Neutral & Upper-Middle Income,3.9167049480097824
Iceland,7.494,68452.23622306,1.624,1.026,0.591,0.354,0.118,3.546263,ISL,0.27835035,2.9365938,5.1037683,0.9084446,0.4541073,0.684012,2.692315,0.000227,0.0,0.163106,9.829598,High Income,Europe,9.68126435,2.569,0.00010947779668701959,0.5665457951217164,0.5271932373298499,0.3013127475679404,Happy,Happy & High Income,1.514305576814561
India,4.015,2041.42863698585,0.765,0.588,0.498,0.2,0.085,2626.459473,IND,0.28522602,3.6598387,2.9674358,0.3541412,0.12927622,1677.653708,674.011463,128.675994,143.664137,2.454171,1.898949,Lower-Middle Income,Asia,7.39591794,1.4629999999999999,0.001966759908848986,0.0015243813361245629,1.877202039503503,0.37106427146968035,Unhappy,Unhappy & Lower-Middle Income,7.873772678464693
Indonesia,5.192,4106.94856173421,1.203,0.66,0.491,0.498,0.028,659.435739,IDN,0.29368687,2.4184713,3.5480037,0.33060965,0.11084955,315.400701,222.18496,87.910352,30.156,3.783726,2.446134,Lower-Middle Income,Asia,6.701621070000001,2.192,0.0012641989355249227,0.007794188272902764,0.6991976389664631,0.35343883426792005,Unhappy,Unhappy & Lower-Middle Income,6.492899827783386
Iran,4.548,3831.27894763337,0.842,0.785,0.305,0.27,0.125,702.958121,IRN,0.2541629,4.860692,7.26808,0.81717443,0.2540833,3.729934,229.401917,422.97009,20.892741,25.963439,8.120656,Lower-Middle Income,Asia,13.45419263,1.417,0.0011870709656391263,0.006348299594343476,1.0069903819121646,0.23855743930342654,Unhappy,Unhappy & Lower-Middle Income,6.556718867172699
Iraq,4.437,5671.8568632942,0.98,0.574,0.241,0.148,0.089,187.148437,IRQ,0.24618399,3.9326482,5.33799,0.6765268,0.20871635,0.0,113.972384,34.2584,5.238919,33.678734,4.502709,Lower-Middle Income,Asia,10.402065339999998,1.369,0.0007822834932091361,0.022460079561648357,0.8828299520071567,0.3115777258397307,Unhappy,Unhappy & Lower-Middle Income,5.23723120980324
Ireland,7.021,82508.4659883582,1.553,0.999,0.516,0.298,0.31,37.325663,IRL,0.35267243,4.2169313,6.9078193,0.701279,0.45577714,4.543313,19.544584,10.83591,1.892599,0.000286,7.623676,High Income,Europe,12.63447917,2.367,8.50942980928848e-05,0.14053202603206283,0.7946055153440503,0.23477041700550408,Happy,Happy & High Income,3.6461197240211605
Israel,7.139,44140.8289372511,1.455,1.029,0.371,0.261,0.082,58.645203,ISR,0.29913944,4.127255,3.7392616,1.0514655,0.38732913,18.012224,21.240208,17.968256,1.424515,0.0,6.812936,High Income,Asia,9.60445067,2.087,0.000161732350113962,0.10460126339275533,0.7125461797005901,0.3561577529304947,Happy,Happy & High Income,4.0884137261986515
Italy,6.223,33812.788724868,1.488,1.039,0.231,0.158,0.03,339.233207,ITA,0.29120925,3.561658,5.5624604,0.89349115,0.54448926,30.657925,148.115767,146.75843,7.911519,2.756337,5.679641,High Income,Europe,10.853308060000002,1.877,0.00018404279075103983,0.01777560612105686,0.8093536717396671,0.30547339959709074,Neutral,Neutral & High Income,5.82963128542747
Ivory Coast,4.944,2141.76836170115,0.808,0.232,0.352,0.154,0.09,10.535084,CIV,0.21353905,3.9350774,3.2402778,0.5315454,0.11432516,0.0,6.184832,4.257568,0.0,0.092684,0.402909,Lower-Middle Income,Africa,8.03476481,1.314,0.002308372879349619,0.26623803190781065,0.7466703348233469,0.4682846563153565,Unhappy,Unhappy & Lower-Middle Income,2.4453931737838572
Jamaica,5.89,5607.24300668501,1.478,0.831,0.49,0.107,0.028,7.823415,JAM,0.27614054,3.0646706,4.0547247,0.9436392,0.19291341,0.267598,6.748606,0.472879,0.334332,0.0,2.7804,Lower-Middle Income,North America,8.53208845,2.075,0.0010504270981260993,0.3601234298905057,0.5409168529757853,0.33269160692625843,Neutral,Neutral & Lower-Middle Income,2.177408983289305
Japan,5.886,40415.9567649547,1.419,1.088,0.445,0.069,0.14,1106.015486,JPN,0.30083296,2.1032803,2.3241255,0.6442883,0.38879964,432.250117,415.860472,224.230136,25.328006,0.36898,8.792438,High Income,Asia,5.761326700000001,1.933,0.00014563554771772325,0.005294228061570726,0.7225083630746566,0.5285254453559478,Neutral,Neutral & High Income,7.009422921770681
Jordan,4.906,4170.1144003465,1.225,0.815,0.383,0.11,0.13,26.328034,JOR,0.2550567,4.15211,4.933855,0.7818655,0.19342121,0.784096,15.92008,7.85928,1.76377,0.000808,2.460867,Lower-Middle Income,Asia,10.316308410000001,1.7180000000000002,0.0011764665256167443,0.13388151287062486,0.7557873710147989,0.2768089113493664,Unhappy,Unhappy & Lower-Middle Income,3.3079130617505843
Kazakhstan,5.809,9457.12614657136,1.508,0.729,0.41,0.146,0.096,297.569458,KAZ,0.282443,3.4412057,2.1156304,0.50741726,0.16284963,176.146122,49.060757,50.438959,3.800151,14.698167,15.866768,Upper-Middle Income,Asia,6.509545990000001,2.064,0.0006142457983502766,0.019103587961604336,0.7181534258163875,0.43235549588553157,Neutral,Neutral & Upper-Middle Income,5.699002595881764
Kenya,4.509,1960.40808854893,0.983,0.581,0.431,0.372,0.053,19.177196,KEN,0.21664362,4.723163,3.41804,0.60172975,0.106974006,1.623462,15.24149,0.0,2.312243,0.0,0.376382,Lower-Middle Income,Africa,9.066550376,1.786,0.0023000313181412687,0.15964595985154093,0.6364070750069725,0.2784560779492969,Unhappy,Unhappy & Lower-Middle Income,3.0045530558161873
Kosovo,6.1,4415.99716107514,1.232,0.758,0.489,0.262,0.006,8.496816,KSV,,,,,,5.944109,2.234077,0.0,0.318631,0.0,5.037064,Lower-Middle Income,Europe,,1.983,0.0013813414677365562,,,,Neutral,Neutral & Lower-Middle Income,2.2509565845337987
Kuwait,6.021,31707.8737464917,1.319,0.808,0.493,0.142,0.097,104.360612,KWT,0.27380788,4.0603004,4.599968,0.81019646,0.34584403,0.0,55.498608,46.265328,1.222415,1.374261,23.49882,High Income,Asia,10.09011677,1.9539999999999997,0.0001898897431009921,0.05260779083460265,0.6076095365360997,0.30538512247045035,Neutral,Neutral & High Income,4.657388866074192
Kyrgyzstan,5.261,1421.99927504102,1.438,0.723,0.508,0.3,0.023,9.03028,KGZ,0.2620818,3.3816984,2.0599196,0.51576376,0.09326466,3.16936,4.459088,0.619216,0.782616,0.0,1.428019,Low Income,Asia,6.3127282199999994,2.246,0.0036997205922262074,0.3428923405738748,0.5257897440521251,0.37105770804534305,Unhappy,Unhappy & Low Income,2.3056085178354393
Laos,4.796,2589.32081035237,1.03,0.551,0.547,0.266,0.164,19.596154,LAO,0.28031668,2.7468913,4.5706754,0.32474777,0.09885296,14.205328,3.341568,0.0,2.049258,0.0,2.71714,Lower-Middle Income,Asia,8.02148411,1.843,0.001852223170193937,0.17365713827148127,0.6276659777342313,0.32441364433608055,Unhappy,Unhappy & Lower-Middle Income,3.025104359335976
Latvia,5.94,17294.9751600969,1.465,0.812,0.264,0.075,0.064,7.648673,LVA,0.28601405,3.7478287,3.748034,0.5201065,0.1660531,0.166208,4.318617,2.548376,0.561458,1e-05,3.990844,Upper-Middle Income,Europe,8.46803635,1.804,0.00034345235798342253,0.36856158853544135,0.8009318723618167,0.3888366547728941,Neutral,Neutral & Upper-Middle Income,2.157405898770584
Lebanon,5.197,8905.88005497437,1.224,0.815,0.216,0.166,0.027,26.400285,LBN,0.25352445,4.652712,6.0510345,0.94117516,0.224312,0.626544,23.640128,0.0,2.133613,0.0,4.566017,Upper-Middle Income,Asia,12.12275811,1.6059999999999999,0.0005835470462121508,0.1349062685717821,0.8153255739884441,0.2669351320876847,Unhappy,Unhappy & Upper-Middle Income,3.310553414799784
Lesotho,3.802,1082.05706777516,1.169,0.168,0.359,0.107,0.093,2.388928,LSO,0.2047265,5.511564,3.5554914,0.5321807,0.10791386,1.670784,0.718144,0.0,0.0,0.0,1.073337,Low Income,Africa,9.91187646,1.635,0.0035136778948428025,0.3090854758616332,0.7453679812519426,0.23460565437646122,Unhappy,Unhappy & Low Income,1.2205136471941564
Liberia,3.975,658.164180770507,0.922,0.443,0.37,0.233,0.033,1.106372,LBR,0.20702705,4.556289,3.5066519,0.54334027,0.076098874,0.0,0.974624,0.0,0.131748,0.0,0.221927,Low Income,Africa,8.889407094,1.5250000000000001,0.00603952648311323,0.3976678518621933,0.6781873641654246,0.29322061072087746,Unhappy,Unhappy & Low Income,0.744967036289736
Libya,5.525,9963.19489084483,1.303,0.673,0.416,0.133,0.152,69.243504,LBY,0.24989693,4.406427,5.324334,0.77044964,0.20108777,0.0,42.114016,15.868784,1.627471,9.633233,10.540809,Upper-Middle Income,Africa,10.95219534,1.8519999999999999,0.0005545409941821892,0.06889396869744911,0.7440491950843693,0.27238934720213576,Neutral,Neutral & Upper-Middle Income,4.251967834187375
Lithuania,6.149,19727.7607453736,1.515,0.818,0.291,0.043,0.042,13.923306,LTU,0.2884198,3.9911947,4.2541876,0.5211538,0.17335068,0.800845,8.192743,4.081111,0.578055,0.233942,4.886943,High Income,Europe,9.22830658,1.8489999999999998,0.00031169275009795605,0.2655970498276194,0.752173555016143,0.36036745924286767,Neutral,Neutral & High Income,2.7029241519994374
Luxembourg,7.09,112726.439672814,1.479,1.012,0.526,0.194,0.316,9.751728,LUX,0.2819182,3.2193074,5.2770224,0.896122,0.5688226,0.274406,7.395905,1.608057,0.394793,4.1e-05,15.729279,High Income,Europe,10.2431926,2.199,6.289562608895099e-05,0.35459005523632836,0.7901773756064507,0.31476444315963276,Happy,Happy & High Income,2.375066485841756
Madagascar,3.933,499.818837622534,0.916,0.555,0.148,0.169,0.041,4.298984,MDG,0.21233796,4.737187,3.9632103,0.59737605,0.086541794,1.400842,2.809019,0.0,0.089123,0.0,0.156139,Low Income,Africa,9.596653104,1.233,0.00786885107953899,0.28303847967272017,0.9208013473243561,0.3323847374006122,Unhappy,Unhappy & Low Income,1.6675151040684368
Malawi,3.41,580.889816066776,0.56,0.495,0.443,0.218,0.089,1.592955,MWI,0.20184024,4.100136,3.8456526,0.5773636,0.0793044,0.21568,1.283114,0.0,0.094161,0.0,0.084429,Low Income,Africa,8.80429684,1.221,0.005870304325679562,0.32797128053406854,0.6638988364960503,0.31720793193892277,Unhappy,Unhappy & Low Income,0.952798151990203
Malaysia,5.339,10920.191763972,1.171,0.828,0.508,0.26,0.024,269.155703,MYS,0.316804,3.6630948,4.5992527,0.33939177,0.15047508,85.063424,79.127744,90.284624,10.797636,3.882275,8.204961,Upper-Middle Income,Asia,9.06901835,1.939,0.0004889108282525294,0.019189524115952535,0.5414780069218127,0.30361402630350254,Unhappy,Unhappy & Upper-Middle Income,5.598998470561422
Mali,4.39,820.197390833912,1.105,0.308,0.327,0.153,0.052,3.853637,MLI,0.21123697,3.5413845,2.7260087,0.5419619,0.092865065,0.0,3.466144,0.0,0.387493,0.0,0.187366,Low Income,Africa,7.113457134999999,1.585,0.005352370111219928,0.40028834857812584,0.7383712862995694,0.38936287036866724,Unhappy,Unhappy & Low Income,1.5797283208244106
Malta,6.726,32412.2697818499,1.52,0.999,0.564,0.375,0.151,1.649193,MLT,0.27710927,3.1311812,6.2475963,0.9121692,0.42228425,1.1e-05,0.940833,0.708166,0.0,0.0,3.274579,High Income,Europe,10.990340219999998,2.459,0.00020751400766651646,0.5321399044513133,0.5873899613728095,0.2488783950543526,Happy,Happy & High Income,0.9742550653180848
Mauritania,4.49,1767.072710621,1.167,0.489,0.066,0.106,0.088,3.77392,MRT,0.22032183,3.6558447,2.7462342,0.5560791,0.1137088,0.0,3.77392,0.0,0.0,0.0,0.860869,Low Income,Africa,7.29218863,1.3390000000000002,0.0025409254373138304,0.405743351174748,1.0282623957483397,0.45984118941455826,Unhappy,Unhappy & Low Income,1.5631677703401186
Mauritius,5.888,11403.2527870674,1.402,0.798,0.498,0.215,0.06,4.521376,MUS,0.3104569,3.8047628,3.8150282,0.33751646,0.13929899,1.560864,2.960512,0.0,0.0,0.0,3.487965,Upper-Middle Income,Africa,8.40706335,2.1149999999999998,0.000516343898530222,0.4554300670482706,0.5631337501317749,0.331141117175214,Neutral,Neutral & Upper-Middle Income,1.708627104587382
Mexico,6.595,10369.5553568761,1.323,0.861,0.433,0.074,0.073,472.191499,MEX,0.28389058,3.5358298,3.5132816,0.9148764,0.24183847,45.26801,241.897149,157.098863,19.497632,8.429845,3.774956,Upper-Middle Income,North America,8.48971685,1.83,0.0006359964119027364,0.013720111755018145,0.6863550460272394,0.4244929719431127,Happy,Happy & Upper-Middle Income,6.159500167023165
Moldova,5.529,4405.33418162155,1.328,0.739,0.245,0.181,0.0,5.490665,MDA,0.26885495,3.22074,4.078755,0.5182467,0.10844338,0.366648,2.753524,1.734244,0.636249,0.0,1.765776,Lower-Middle Income,Europe,8.195040030000001,1.754,0.0012550693709154302,0.40399818554324046,0.7581066213063007,0.3846501637122102,Neutral,Neutral & Lower-Middle Income,1.870364990798064
Mongolia,5.285,4347.54610314873,1.531,0.667,0.317,0.235,0.038,47.254523,MNG,0.27248925,3.9632094,2.1429229,0.49995935,0.13303629,41.76185,5.005413,0.0,0.487261,0.0,14.618885,Lower-Middle Income,Asia,7.01161719,2.0829999999999997,0.0012156282819341042,0.09739037973763802,0.7334820160390474,0.36185745516327494,Unhappy,Unhappy & Lower-Middle Income,3.8764895643242308
Montenegro,5.523,8909.6538759126,1.361,0.871,0.197,0.142,0.08,2.476864,MNE,0.2888891,2.8178656,3.6586478,0.54094183,0.15447724,1.454608,1.022256,0.0,0.0,0.0,3.92906,Upper-Middle Income,Europe,7.46082157,1.7,0.0006198894005222272,0.5557632067443244,0.8841153840214675,0.4354511763791939,Neutral,Neutral & Upper-Middle Income,1.2461307380818551
Morocco,5.208,3508.09765625,0.782,0.782,0.418,0.036,0.076,68.60754,MAR,0.24282132,5.07854,4.7997293,0.745084,0.18633235,25.259616,36.343216,2.004208,5.0005,0.0,1.889785,Lower-Middle Income,Africa,11.052506970000001,1.236,0.0014845652858954674,0.06537781733873864,0.6807074770361875,0.3812340715501678,Unhappy,Unhappy & Lower-Middle Income,4.242872894806076
Mozambique,4.466,519.09255091362,0.986,0.39,0.494,0.197,0.138,7.146829,MOZ,0.20393638,4.992671,4.035234,0.5785625,0.0839527,0.047632,4.356496,1.729408,1.011357,0.001936,0.235981,Low Income,Africa,9.894356579999998,1.677,0.008603475415202342,0.26207096795198453,0.6768288000858556,0.26915230188069095,Unhappy,Unhappy & Low Income,2.0976287717870035
Myanmar,4.36,1425.98954211903,1.181,0.555,0.525,0.566,0.172,34.609115,MMR,0.27820054,2.1933033,3.9770174,0.3167098,0.09567405,3.931472,19.715984,7.980192,2.938415,0.043052,0.652507,Low Income,Asia,6.86090509,2.272,0.003057525929342379,0.105136192134408,0.6760815737879643,0.27970275923275345,Unhappy,Unhappy & Low Income,3.5726016444113533
Namibia,4.639,4731.9210318831,1.313,0.477,0.401,0.07,0.056,4.107047,NAM,0.22256449,3.6164615,3.49189,0.5531963,0.16063276,0.051296,3.53576,0.0,0.519991,0.0,1.678645,Lower-Middle Income,Africa,8.04474505,1.784,0.0009803629369008887,0.38175439317199317,0.6575680462476281,0.3232341493370204,Unhappy,Unhappy & Lower-Middle Income,1.6306213506777898
Nepal,4.913,1203.14294706401,1.226,0.677,0.439,0.285,0.089,13.42833,NPL,0.26699284,4.8975983,3.2773163,0.38390607,0.10316985,3.42584,6.239792,0.0,3.762698,0.0,0.465736,Low Income,Asia,8.928983360000002,1.95,0.004083471554223072,0.21974912284362239,0.6685824248187281,0.28216954583810305,Unhappy,Unhappy & Low Income,2.669193634972686
Netherlands,7.488,53554.9007491475,1.522,0.999,0.557,0.322,0.298,153.032807,NLD,0.36796945,3.5344012,6.7548013,0.78764594,0.38367063,25.30793,52.999956,72.47401,0.006337,1.062042,8.813598,High Income,Europe,11.828488519999999,2.4010000000000002,0.00013981913690913145,0.04541999974209593,0.7440783605835105,0.2636601063752029,Happy,Happy & High Income,5.037165612192967
New Zealand,7.307,42747.2099299966,1.557,1.026,0.585,0.33,0.38,37.121034,NZL,0.3886144,3.7238638,7.263469,1.5064018,0.6033723,5.985768,20.911832,8.240141,0.41094,0.912907,7.485537,High Income,Oceania,13.485721299999998,2.472,0.00017093513265464672,0.144387838277393,0.7961838610141545,0.21918784194860338,Happy,Happy & High Income,3.640766203286964
Nicaragua,6.105,1958.62132892996,1.325,0.835,0.435,0.2,0.127,5.219314,NIC,0.27072757,3.2548654,4.3657975,0.8515433,0.16589764,0.0,4.986704,0.0,0.23261,0.0,0.783219,Low Income,North America,8.908831410000001,1.96,0.003116988419264944,0.4321161640705395,0.699213311323286,0.34963013385471026,Neutral,Neutral & Low Income,1.8276596112796986
Niger,4.628,561.691304349698,0.774,0.366,0.318,0.188,0.102,2.468624,NER,0.20768712,4.235215,2.9678462,0.54284483,0.078765206,0.326592,1.985241,0.0,0.100748,0.056043,0.105301,Low Income,Africa,8.032358356,1.28,0.008239401187380138,0.4407206719431993,0.8026952909448323,0.450132431815521,Unhappy,Unhappy & Low Income,1.2437579735285391
Nigeria,5.265,2265.15520863056,1.111,0.245,0.426,0.215,0.041,127.304175,NGA,0.22260755,3.8173978,2.9917774,0.5542446,0.12942946,0.14656,68.707328,35.104784,8.757343,14.588161,0.626175,Lower-Middle Income,Africa,7.71545681,1.752,0.0023243440360905996,0.03899432941284363,0.6746072318998524,0.3894956656884416,Unhappy,Unhappy & Lower-Middle Income,4.854403812011866
North Macedonia,5.274,6718.85826635458,1.294,0.838,0.345,0.185,0.034,7.994848,MKD,0.28765607,2.570906,3.5915322,0.5418609,0.14246428,4.04872,3.092416,0.501968,0.351744,0.0,3.781543,Upper-Middle Income,Europe,7.134419449999999,1.824,0.0007849547930502023,0.3485958601386216,0.6912517616610194,0.4052813811530317,Unhappy,Unhappy & Upper-Middle Income,2.1966519689828985
Norway,7.554,76430.5889473338,1.582,1.028,0.603,0.271,0.341,42.784,NOR,0.28272113,3.2382026,6.7358413,0.8286233,0.47473136,3.5468,21.9492,15.047,0.722,0.957,8.000156,High Income,Europe,11.56011969,2.456,9.88347741923754e-05,0.13900307969088385,0.7387110257874298,0.26606410500087146,Happy,Happy & High Income,3.779268453841617
Pakistan,5.653,1390.41690981745,0.886,0.535,0.313,0.22,0.098,206.061232,PAK,0.27888608,3.9425256,3.474194,0.38789725,0.12147353,50.30672,64.878448,74.976432,15.436983,0.462649,0.922828,Low Income,Asia,8.20497646,1.419,0.00406568703249027,0.026383068243144472,0.9391021307689155,0.48553355659426883,Neutral,Neutral & Low Income,5.333014556286459
Palestinian Territories,4.696,3656.85827137011,1.247,0.672,0.225,0.103,0.066,3.265395,PSE,0.24819995,6.1989517,5.5458045,0.7907242,0.15811732,0.0,3.264624,0.0,0.0,0.000771,0.66508,Lower-Middle Income,Asia,12.941797670000001,1.5750000000000002,0.0012841624289257883,0.2897478974685379,0.8454319991280186,0.23038432353944385,Unhappy,Unhappy & Lower-Middle Income,1.4505347909576645
Panama,6.321,16477.9066285687,1.442,0.91,0.516,0.109,0.054,13.419543,PAN,0.28811285,2.9369144,3.6566825,0.8495454,0.28251824,2.3816,8.910848,1.5572,0.569895,0.0,3.170571,Upper-Middle Income,North America,8.01377339,2.067,0.0003836045525977745,0.2949146965865323,0.5393007305401792,0.38159990351246686,Neutral,Neutral & Upper-Middle Income,2.6685844392602847
Paraguay,5.743,5821.18199548637,1.475,0.777,0.514,0.184,0.08,8.244362,PRY,0.2778201,3.6945765,6.304892,1.0898001,0.21759573,0.003666,7.837047,0.0,0.40365,0.0,1.262531,Lower-Middle Income,South America,11.58468443,2.173,0.0009865693950907237,0.28962562674275816,0.5694063608465385,0.22813655648329118,Neutral,Neutral & Lower-Middle Income,2.224013852181945
Peru,5.697,7037.00803692604,1.274,0.854,0.455,0.083,0.027,57.679873,PER,0.27953792,2.2116694,5.551791,0.91938907,0.29595372,2.572128,34.77136,15.678256,4.546156,0.111973,1.757201,Upper-Middle Income,South America,9.258341109999998,1.812,0.0008095770205328069,0.08510833573537058,0.5815123117323083,0.33958996517242585,Neutral,Neutral & Upper-Middle Income,4.072096788991594
Philippines,5.631,3400.78949772302,1.293,0.657,0.558,0.117,0.107,145.231756,PHL,0.29213402,2.779254,4.563437,0.3369464,0.10456553,69.52998,55.405615,8.463627,11.674557,0.157976,1.315734,Lower-Middle Income,Asia,8.07633695,1.968,0.0016557919870577717,0.036729959205979414,0.5940801477282397,0.3542794840679447,Neutral,Neutral & Lower-Middle Income,4.985192733031479
Poland,6.182,15874.5220531254,1.438,0.884,0.483,0.117,0.05,318.487666,POL,0.2945265,2.2779574,3.082497,0.5506919,0.18609495,177.935008,88.158063,35.490788,7.692452,4.343708,8.273782,Upper-Middle Income,Europe,6.3917677500000005,2.038,0.0003894290473320347,0.01902859755892443,0.5874654623718916,0.474573883749499,Neutral,Neutral & Upper-Middle Income,5.766718669003575
Portugal,5.693,23343.3628970034,1.431,0.999,0.508,0.047,0.025,47.618826,PRT,0.26907453,4.3940663,8.02761,0.87302935,0.42184258,5.039867,26.152698,12.157955,2.225102,1.133223,4.627714,High Income,Europe,13.985622759999998,1.986,0.00024388088490586818,0.09241215715084015,0.5196390562932948,0.20496519968568958,Neutral,Neutral & High Income,3.8840108221546537
Qatar,6.374,66841.3013472693,1.313,0.871,0.555,0.22,0.167,101.152287,QAT,0.28495243,3.9513783,4.26387,0.7445955,0.3464426,0.0,10.416752,87.430368,1.571676,1.733492,36.032711,High Income,Asia,9.591238829999998,2.088,9.536020202366092e-05,0.05755641200899265,0.613656812832752,0.31827817516010753,Neutral,Neutral & High Income,4.62646470965716
Republic of Korea,5.895,31902.4169048194,1.219,1.036,0.159,0.175,0.056,646.102263,KOR,0.30063236,2.091181,3.2213244,0.5002964,0.35135385,321.60607,175.797343,113.58643,24.9299,0.0,12.472095,High Income,Asia,6.4647880099999995,1.5530000000000002,0.00018478223821059337,0.009033554469040552,0.91745509758577,0.5871621680568292,Neutral,Neutral & High Income,6.4725043391981965
Romania,6.07,12992.0326104674,1.232,0.825,0.462,0.083,0.005,77.030616,ROU,0.28902072,2.6501622,3.2856169,0.6372142,0.16204906,18.309118,29.697703,23.158258,3.828019,0.86164,3.945389,Upper-Middle Income,Europe,7.0240630799999995,1.777,0.00046720941841767947,0.0722148970936265,0.5494697096751651,0.4863096193722197,Neutral,Neutral & Upper-Middle Income,4.357101262497099
Russia,5.648,11447.701171875,1.452,0.726,0.334,0.082,0.031,1692.363414,RUS,0.281813,3.0799155,3.1336958,0.51406276,0.16156821,390.365017,398.417081,803.863171,20.306193,62.654678,11.612027,Upper-Middle Income,Europe,7.17105527,1.868,0.0004933741644022075,0.003323262988850107,0.8454607646332923,0.4216331474257888,Neutral,Neutral & Upper-Middle Income,7.434472015919865
Rwanda,3.334,810.051420243718,0.711,0.614,0.555,0.217,0.411,1.812053,RWA,0.20999436,5.0970206,3.6533618,0.58875066,0.09405708,0.018357,1.538311,0.091785,0.1636,0.0,0.14118,Low Income,Africa,9.6431845,1.483,0.004115788105151286,0.2910459080398813,0.8701413707990949,0.23313311600623465,Unhappy,Unhappy & Low Income,1.0339148215659646
Saudi Arabia,6.375,27892.8421521179,1.357,0.795,0.439,0.08,0.132,656.481441,SAU,0.2628555,4.216069,4.5544286,0.7622446,0.27899438,0.0,371.994928,255.934064,24.603584,3.948865,18.323466,High Income,Asia,10.07459208,1.8760000000000001,0.0002285532598375224,0.009564087163899202,0.7168970281136943,0.33730275194052917,Neutral,Neutral & High Income,6.488416537037572
Senegal,4.681,1431.18128932159,1.134,0.571,0.292,0.153,0.072,12.761457,SEN,0.21622801,4.0294,2.8934357,0.55274326,0.10354699,2.08788,7.970572,0.029304,2.673702,0.0,0.797552,Low Income,Africa,7.79535396,1.579,0.003270724704777892,0.2277104171998476,0.7943635269084214,0.38029504891348764,Unhappy,Unhappy & Low Income,2.6218717135275114
Serbia,5.603,7755.632986437,1.383,0.854,0.282,0.137,0.039,44.344499,SRB,0.28505,2.814907,3.33539,0.540287,0.14359924,29.601456,9.222288,4.56168,0.959075,0.0,5.991645,Upper-Middle Income,Europe,7.119233240000001,1.802,0.0007224426439206819,0.1088727878085198,0.7636356585374784,0.43674969897078514,Neutral,Neutral & Upper-Middle Income,3.814288868211303
Sierra Leone,4.374,843.71251730417,0.841,0.242,0.309,0.252,0.045,1.1908,SLE,0.20804136,4.392157,3.6633224,0.53831226,0.08656057,0.0,1.1908,0.0,0.0,0.0,0.147984,Low Income,Africa,8.88839359,1.402,0.005184230303914185,0.43396328892220437,0.7479462416205523,0.35100029992901965,Unhappy,Unhappy & Low Income,0.7842667739274293
Singapore,6.262,66081.7199235165,1.463,1.141,0.556,0.271,0.453,29.91656,SGP,0.3191951,2.0081315,2.7080863,0.7197487,0.453674,1.971232,7.056864,20.888464,0.0,0.0,5.099641,High Income,Asia,6.208835600000001,2.29,9.476145607662281e-05,0.17334066232343207,0.8975466775931652,0.4404203932527841,Neutral,Neutral & High Income,3.431291962678712
Slovakia,6.198,19406.0589683582,1.504,0.881,0.334,0.121,0.014,33.776188,SVK,0.29567876,2.695262,3.4256656,0.54230446,0.18270175,11.778465,10.319318,9.369659,1.404269,0.01908,6.193007,Upper-Middle Income,Europe,7.1416125699999995,1.959,0.0003193847864785895,0.15147441733572145,0.6821085064534079,0.4430174671029138,Neutral,Neutral & Upper-Middle Income,3.5489328996990235
Slovenia,6.118,25814.1687167572,1.523,0.953,0.564,0.144,0.057,14.048142,SVN,0.2995073,3.1152232,3.3891728,0.5467665,0.1849328,4.530459,7.056562,1.753026,0.477618,0.124603,6.648746,High Income,Europe,7.535602600000001,2.231,0.0002370016275607789,0.28345405829162745,0.4938361200717647,0.36390826146234323,Neutral,Neutral & High Income,2.7112545284241687
Somalia,4.668,539.893931565468,0.698,0.268,0.559,0.243,0.27,0.637536,SOM,0.18841599,4.84665,3.2728631,0.5812081,0.045336246,0.0,0.637536,0.0,,0.0,0.039893,Low Income,Africa,8.934473436,1.5,0.008646142745973714,0.4876718970254889,0.7287294258674942,0.3483137559579846,Unhappy,Unhappy & Low Income,0.49319267301843367
South Africa,4.722,6533.71121032856,1.351,0.469,0.389,0.13,0.055,466.92417,ZAF,0.22481367,4.298678,3.786144,0.5569932,0.16455814,394.345328,57.979136,9.10504,5.452967,0.041698,8.038352,Upper-Middle Income,Africa,9.03118701,1.87,0.0007227133015207976,0.009921098545174667,0.7388460964509121,0.2796015282424732,Unhappy,Unhappy & Upper-Middle Income,6.148306252874852
South Sudan,2.853,,0.575,0.295,0.01,0.202,0.091,1.652464,SSD,0.22934605,4.749942,4.9776773,0.6109647,0.15204576,0.0,1.652464,0.0,0.0,0.0,0.158166,Low Income,Africa,10.719975810000001,0.7869999999999999,,0.23059316059020699,,0.33816856448706967,Unhappy,Unhappy & Low Income,0.9754890193121085
Spain,6.354,29776.2011500384,1.484,1.062,0.362,0.153,0.079,251.825149,ESP,0.2656171,4.704455,4.8611727,0.92482716,0.59025174,23.622477,141.220887,71.252814,9.064168,3.644884,5.343047,High Income,Europe,11.3463237,1.999,0.00021339189535908297,0.02414395426225846,0.7258383159212928,0.28014265930446913,Neutral,Neutral & High Income,5.532698139128513
Sri Lanka,4.366,4082.69404871533,1.265,0.831,0.47,0.244,0.047,22.220113,LKA,0.3008161,2.8662298,4.0355477,0.33558726,0.120000996,5.902704,14.806224,0.0,1.511185,0.0,1.026349,Lower-Middle Income,Asia,7.658181856,1.9789999999999999,0.0010693919132573294,0.14612614344433525,0.5843182791802393,0.28807943858540896,Unhappy,Unhappy & Lower-Middle Income,3.1450188427523056
Swaziland,4.212,3894.32951592818,1.149,0.0,0.313,0.074,0.135,1.121184,SWZ,0.21762118,4.4255295,3.4919646,0.5346536,0.1505392,0.20152,0.919664,0.0,0.0,0.0,0.958594,Lower-Middle Income,Africa,8.820308080000002,1.536,0.001081572574373205,0.42367885686632256,0.8245528122464569,0.31089475278283013,Unhappy,Unhappy & Lower-Middle Income,0.7519744233521449
Sweden,7.343,51773.0464558993,1.487,1.009,0.574,0.267,0.373,40.982492,SWE,0.27025598,4.116486,4.795127,0.97393054,0.51417124,8.092101,28.705403,1.777568,1.349386,0.536187,3.991313,High Income,Europe,10.66997076,2.328,0.00014183055668270993,0.14216166292242055,0.7999976709175111,0.29561558254852494,Happy,Happy & High Income,3.737252674231419
Switzerland,7.48,84121.9310304414,1.526,1.052,0.572,0.263,0.343,36.733064,CHE,0.2799828,3.705447,6.79061,0.9417426,0.4910716,0.4316,27.489291,6.878903,1.732205,0.033352,4.283446,High Income,Europe,12.208853999999999,2.3609999999999998,8.891854844954993e-05,0.15283422280262904,0.7715817973672323,0.25949602553760676,Happy,Happy & High Income,3.6305367392663115
Syria,3.462,1109.53926036049,0.378,0.44,0.013,0.331,0.141,27.47897,SYR,0.24236715,4.132855,5.60757,0.77377516,0.15828523,0.003664,18.407936,6.547568,0.768375,1.751427,1.367232,Low Income,Asia,10.91485254,0.722,0.0031202140597306974,0.09017075589160652,1.1626033925176524,0.43931091444827824,Unhappy,Unhappy & Low Income,3.349165920159442
Taiwan,6.446,,1.43,0.914,0.351,0.242,0.097,273.515,TWN,0.31342354,2.564065,3.6654854,0.19377136,0.173583,154.560547,65.470555,46.949905,5.508,0.032994,11.502987,Low Income,Asia,6.9103283,2.0229999999999997,,0.022986511379257606,,0.4611006535969437,Neutral,Neutral & Low Income,5.615005904265355
Tajikistan,5.467,871.022372934846,1.098,0.718,0.389,0.23,0.144,9.832171,TJK,0.2636819,2.8172803,2.4035394,0.51602787,0.08860962,4.565344,2.934864,0.278464,2.053499,0.0,1.053033,Low Income,Asia,6.08913909,1.717,0.006276532233700662,0.34337626546409405,0.7732788761629099,0.5229051080199787,Unhappy,Unhappy & Low Income,2.3825205026036587
Tanzania,3.231,1063.32250976563,0.885,0.499,0.417,0.276,0.147,13.043474,TZA,0.21327442,4.651242,3.8125863,0.59105045,0.10528517,1.890624,6.756416,1.872304,2.52413,0.0,0.217854,Low Income,Africa,9.373438340000002,1.578,0.0030385889232347335,0.14413224939255836,0.751081950334091,0.2184394288243929,Unhappy,Unhappy & Low Income,2.642157803887888
Thailand,6.008,7605.69657797759,1.409,0.828,0.557,0.359,0.028,290.239228,THA,0.30105522,2.847038,3.399738,0.32977024,0.13236374,62.483006,121.008841,83.851733,22.304276,0.591373,4.070233,Upper-Middle Income,Asia,7.0099652,2.325,0.0007899342208044763,0.02021199766876272,0.5100824417135821,0.36863036374351416,Neutral,Neutral & Upper-Middle Income,5.674145018788208
Togo,4.085,826.260654099894,0.572,0.41,0.293,0.177,0.085,2.205025,TGO,0.2087059,4.5008154,3.592497,0.5395201,0.08961096,0.0,1.17248,0.190528,0.842017,0.0,0.2675,Low Income,Africa,8.931149360000001,1.042,0.00494396045573547,0.36682256113669537,0.8054777982041653,0.4389519569565655,Unhappy,Unhappy & Low Income,1.1647198906542235
Trinidad & Tobago,6.192,17431.0269266696,1.477,0.713,0.489,0.185,0.016,40.768202,TTO,0.28689462,3.82637,3.8713686,0.9088345,0.28171644,0.0,3.740944,36.416496,0.262849,0.347913,26.82198,Upper-Middle Income,South America,9.175184159999999,2.1510000000000002,0.0003552286406331112,0.12398038010805153,0.5298652004480348,0.31374422983419537,Neutral,Neutral & Upper-Middle Income,3.7321353323348254
Tunisia,4.461,3528.87213306798,1.0,0.815,0.167,0.059,0.055,29.704398,TUN,0.2524584,5.049405,5.164141,0.787781,0.20487007,0.0,13.459554,12.558098,3.223213,0.463533,2.465236,Lower-Middle Income,Africa,11.45865547,1.226,0.0012641432819844435,0.10837388444108542,0.899664648623642,0.31754705654627263,Unhappy,Unhappy & Lower-Middle Income,3.4244059016617903
Turkey,5.373,27273.4376992357,1.36,0.808,0.195,0.083,0.106,201.041239,TUR,0.24893442,3.9422681,4.513604,0.795696,0.2917118,82.4859955,57.6113715,41.5704695,16.1743715,0.0914205,6.6160630000000005,High Income,Asia,9.79221432,1.6380000000000001,0.00019700486822570853,0.025484570476796857,0.9187303585871723,0.33498243329091887,Unhappy,Unhappy & High Income,5.308471830030069
Turkmenistan,5.247,6648.0348960628,1.538,0.657,0.394,0.244,0.028,74.761641,TKM,0.2810101,3.0497415,2.3415134,0.5058993,0.15248261,0.0,20.217952,50.493584,1.522633,2.527472,12.139744,Upper-Middle Income,Asia,6.3306469100000005,2.176,0.0007892557849098322,0.06470405676336775,0.6461979335514658,0.3808939562321638,Unhappy,Unhappy & Upper-Middle Income,4.3275921091501015
Uganda,4.189,822.057058189153,1.069,0.443,0.356,0.252,0.06,6.011812,UGA,0.20794602,6.5845194,4.080157,0.5818194,0.09564634,0.0,5.430048,0.0,0.581764,0.0,0.139975,Low Income,Africa,11.55008816,1.6769999999999998,0.0050957533400754805,0.2385277197703873,0.7253633591306736,0.21626786784399793,Unhappy,Unhappy & Low Income,1.947596155518729
Ukraine,4.332,3619.86157226563,1.39,0.739,0.178,0.187,0.01,222.056698,UKR,0.27143335,3.8973033,3.133128,0.5213342,0.121123455,114.045427,38.480585,60.538273,3.947163,2.355091,5.022647,Lower-Middle Income,Europe,7.944322305,1.755,0.0011967308455081752,0.01883469905592339,0.8955386231526653,0.3107094568434769,Unhappy,Unhappy & Lower-Middle Income,5.407425990264857
United Arab Emirates,6.825,44251.4541390148,1.31,0.825,0.598,0.262,0.182,208.495709,ARE,0.27531648,3.5784907,4.243272,0.752012,0.30040544,7.498098,60.495002,133.14076,5.727885,1.633964,22.633898,High Income,Asia,9.14949662,2.17,0.00015423221977202013,0.03135837511585797,0.5889183740931151,0.34375238561731725,Happy,Happy & High Income,5.344703257052193
United Kingdom,7.054,42662.5353740311,1.538,0.996,0.45,0.348,0.278,364.753306,GBR,0.24625693,4.0975676,4.4602027,1.0944765,0.4250394,24.512705,168.995529,159.320842,4.448499,4.28319,5.462124,High Income,Europe,10.32354313,2.336,0.00016534413480483878,0.018806812567509636,0.8367917149283705,0.29250536785638614,Happy,Happy & High Income,5.901959078820422
United States,6.892,65604.6815198734,1.457,0.874,0.454,0.28,0.128,5262.145,USA,0.43364868,4.375998,5.6977477,0.6012978,0.42435044,1071.666,2360.999,1675.471,40.896,88.437,15.578,High Income,North America,11.53304262,2.191,0.0001050534785068994,0.0013068677959293864,0.7543856968808311,0.27274637943192387,Happy,Happy & High Income,8.568484035800786
Uruguay,6.293,18315.7352857194,1.465,0.891,0.523,0.127,0.15,6.489942,URY,0.3134878,2.840908,5.1539445,0.9843416,0.3535729,0.003666,6.030691,0.164973,0.290612,0.0,1.89299,Upper-Middle Income,South America,9.6462548,2.115,0.00034358434984079465,0.3899927645899807,0.6278810018570524,0.3084527387337855,Neutral,Neutral & Upper-Middle Income,2.013561053840935
Uzbekistan,6.174,2041.38480729431,1.529,0.756,0.631,0.322,0.24,118.797933,UZB,0.2701455,3.164448,2.0256548,0.5113078,0.11560703,8.280383,12.277682,92.388552,4.67908,1.172236,3.602454,Lower-Middle Income,Asia,6.0871631299999995,2.482,0.0030244175316378186,0.04943744442950288,0.6701766560051581,0.4086484983887987,Neutral,Neutral & Lower-Middle Income,4.7858064317762405
Venezuela,4.707,,1.427,0.805,0.154,0.064,0.047,89.111142,VEN,0.2758915,3.2147944,3.9995134,0.83046305,0.21330635,0.164886,34.758049,34.47591,1.774428,17.93787,3.075801,Low Income,South America,8.5339687,1.645,,0.048205178592725995,,0.3352951337039463,Unhappy,Unhappy & Low Income,4.501043819565818
Vietnam,5.175,3440.90025375434,1.346,0.851,0.543,0.147,0.073,341.004951,VNM,0.32355136,2.473061,2.2873394,0.33610305,0.09474524,191.442495,76.332973,18.906453,52.854843,1.468186,3.560416,Lower-Middle Income,Asia,5.51480005,2.036,0.0015039668744694348,0.014934213661181145,0.630706130807458,0.46089586267458477,Unhappy,Unhappy & Lower-Middle Income,5.834825213566007
Yemen,3.38,623.376164898164,1.163,0.463,0.143,0.108,0.077,12.683843,YEM,0.22567965,4.8953676,4.7837157,0.72597986,0.12351241,0.355295,10.124068,0.197793,0.663596,1.343091,0.402066,Low Income,Asia,10.754255220000001,1.4140000000000001,0.005422087321147679,0.14420965251847126,0.971598643547478,0.2222731231900585,Unhappy,Unhappy & Low Income,2.6162157937961052
Zambia,4.107,1258.98619844462,1.058,0.426,0.431,0.247,0.087,7.747163,ZMB,0.21286875,4.2194896,3.9692068,0.5744539,0.11466904,2.347513,4.438667,0.0,0.960983,0.0,0.421489,Low Income,Africa,9.09068809,1.7360000000000002,0.0032621485486289533,0.2439147357966093,0.6693741347687542,0.26024250163644636,Unhappy,Unhappy & Low Income,2.168729419224647
Zimbabwe,3.663,1684.02790388182,1.114,0.433,0.361,0.151,0.089,11.114607,ZWE,0.20248154,3.3954756,3.1370168,0.5385804,0.09829536,6.88832,3.656672,0.0,0.569615,0.0,0.723861,Low Income,Africa,7.371849699999999,1.6260000000000001,0.002175142105161375,0.19814505610477534,0.7389775239812756,0.30559053960029553,Unhappy,Unhappy & Low Income,2.4944119146172774
